EventID,Broadcaster
1,"Maldonado, Scott and Brown"
1,Lopez Ltd
2,Christensen Group
2,"Martin, Skinner and Jones"
3,"Bennett, Shannon and Bailey"
3,Contreras-Osborne
4,Taylor Ltd
4,"Patterson, Andrade and Green"
5,"Baker, Williams and Herring"
5,Clark Inc
6,Sampson-Hernandez
6,"Bell, Smith and Robertson"
7,Thompson-Carlson
7,Hendrix-Long
8,Morrison-Holt
8,"Simon, Davis and Joyce"
9,Fisher Inc
9,Mcdonald-Trevino
10,Braun and Sons
10,"Thomas, Sims and Cox"
11,"Mckinney, Morton and Singleton"
11,Ortiz LLC
12,"Fleming, Wade and Shaw"
12,Butler-Turner
13,Mathews Ltd
13,Stevens and Sons
14,Anderson LLC
14,"Holmes, Munoz and Peterson"
15,Lewis-Martinez
15,"Patel, Valdez and Goodman"
16,"Bailey, Smith and Friedman"
16,"Nelson, Carter and Williams"
17,Crawford-Mendoza
17,"Rivera, Novak and Ford"
18,Neal Ltd
18,"Montoya, Madden and Robinson"
19,Weber Group
19,Harris Ltd
20,"Garcia, Brown and Mccullough"
20,Smith Inc
21,"Flores, Evans and Parks"
21,"Williams, Rivera and Avila"
22,Short-Horn
22,"West, Johnson and Adams"
23,Arellano-Townsend
23,Edwards-Watson
24,"Higgins, Young and Reese"
24,"Parker, Rios and Wall"
25,"Lee, Acevedo and Nguyen"
25,Turner and Sons
26,Smith-Cross
26,Martinez-Mcclure
27,"Shelton, Brown and Christian"
27,Martinez Inc
28,"Walker, Brown and Herrera"
28,Wilson-Taylor
29,Jones Group
29,Hines-Schroeder
30,Smith-Ramirez
30,Moore Inc
31,"Wells, Kennedy and Jones"
31,"Wilson, Russell and Schroeder"
32,"Baker, Smith and Wilson"
32,"Edwards, Morales and Thompson"
33,Sanders Group
33,Gill-Campbell
34,Reyes-Blackwell
34,Jones-Rodriguez
35,Garza Group
35,Church-Wood
36,Thompson-Dunn
36,"Mueller, Thompson and Woods"
37,Johnson-Snyder
37,"Cox, Blair and Jackson"
38,Newton-Larsen
38,"Watson, Wright and Alvarez"
39,Nelson-Smith
39,"Crane, Pitts and Moore"
40,Martin PLC
40,Martin-Hawkins
41,Randolph-Keller
41,"Cooper, Davis and Williams"
42,Sanchez Group
42,Smith-Thompson
43,Young LLC
43,Contreras Group
44,Madden-Powers
44,Chambers Ltd
45,Thomas LLC
45,"Le, Perry and Wood"
46,Hardy PLC
46,Klein-Fisher
47,Romero-Hill
47,"Trujillo, Austin and Castillo"
48,"Livingston, Young and Jennings"
48,Ferguson Inc
49,Martinez PLC
49,Crawford-Alvarez
50,Horton Inc
50,Campbell Ltd
51,"Morgan, Lee and Stanley"
51,Le-Kennedy
52,Anderson-Graham
52,Becker-Jackson
53,Bates-Nichols
53,Kemp LLC
54,Lewis and Sons
54,Henderson-Lucero
55,Smith LLC
55,Butler-Rice
56,Stephens Ltd
56,Roberts LLC
57,Long Ltd
57,"Vang, Holt and Anderson"
58,Cardenas-Singleton
58,"Harris, Clark and Mayo"
59,Thomas PLC
59,Mendez LLC
60,Sanders Inc
60,"Edwards, Donovan and Blanchard"
61,Gomez-Coleman
61,Perez-Dillon
62,"Barr, Moore and Forbes"
62,"Webb, Leach and Cisneros"
63,"Duarte, Nunez and Brown"
63,"Skinner, Smith and Perry"
64,Allen and Sons
64,"Weber, Hayes and Russo"
65,"Luna, Oliver and Anderson"
65,Vazquez-Marks
66,Ramirez Ltd
66,Chambers PLC
67,"Meyer, Harris and Murphy"
67,Martinez PLC
68,"Kemp, Arnold and Schroeder"
68,Fuller Group
69,"Richard, Green and Bush"
69,Buchanan PLC
70,Brandt-Graham
70,Medina-Small
71,"Johnson, Watson and Ramirez"
71,"Reed, Smith and Nguyen"
72,"Hensley, Hobbs and Mayo"
72,"Williams, Watson and Martin"
73,Jones Group
73,Hernandez PLC
74,Green-Jensen
74,Melendez and Sons
75,"Jones, Davis and Mack"
75,Moore-Miles
76,Powers-Farrell
76,"Cooper, Church and Casey"
77,"Collins, Thomas and Turner"
77,"Moore, Coffey and Johnson"
78,Simmons Ltd
78,"Perez, Smith and Flynn"
79,Mendoza Inc
79,Reid and Sons
80,Johnson-Anderson
80,James-Mccall
81,Richard-Gross
81,Walsh and Sons
82,Potter PLC
82,Burns PLC
83,Schmidt-Chavez
83,Avery-Hancock
84,"Green, Lamb and Boyer"
84,Lynch-Jennings
85,"Fisher, Nash and Taylor"
85,Davis-Miller
86,Edwards Group
86,Thomas Group
87,"Robbins, Vazquez and Perry"
87,"Bailey, Hendricks and Fields"
88,"Beasley, Davis and Frank"
88,"Chavez, Rivera and Ford"
89,Rowland Inc
89,"Petersen, Edwards and Jimenez"
90,Patrick LLC
90,"Walsh, Novak and Johnson"
91,"Allen, Arellano and Ray"
91,"Simmons, Crawford and Reed"
92,Foster-Faulkner
92,Miller-Rodriguez
93,Warner PLC
93,Payne-Clark
94,Mccarthy-Graham
94,"Bauer, Anderson and Leblanc"
95,Watkins-Johnson
95,"Beard, Allen and Cole"
96,"Graves, Stevens and Stewart"
96,Chang Group
97,"Casey, Walker and Kim"
97,Simmons Inc
98,"Velez, Fowler and Hall"
98,"Richardson, Grant and Melendez"
99,Yoder-Pierce
99,"Smith, Coleman and Hall"
100,"Walker, Hughes and Fowler"
100,"Mcbride, Reed and Johns"
