Twitter,Instagram,PlayerID
crossrachel,angela34,1
stewartsean,jason53,2
michael28,lisa94,3
brenda78,zestrada,4
hgarcia,nataliejohnson,5
joseph47,mercermatthew,6
shannonmitchell,seanevans,7
amandafrazier,awhite,8
veronica10,gnelson,9
reedjohn,gnielsen,10
julie32,castilloerin,11
vincentemily,hollandjames,12
chunt,michaelthompson,13
websterjoseph,gberry,14
bwhite,fernandezsheila,15
aimee45,adam66,16
mshepard,byrdpatrick,17
nicholasmack,ediaz,18
estewart,sanchezwesley,19
michellejohnson,hallkathleen,20
donna57,tracy68,21
zacharymiller,christophermoreno,22
alexandramorris,dominic98,23
erica79,nortondaniel,24
thorntonrachael,lindalong,25
vlopez,wpowers,26
pdavis,kara28,27
andrea80,tranmatthew,28
oscarmcdonald,dwright,29
wrightjustin,jessicacollier,30
qford,timothy32,31
vanessalambert,frederick56,32
aarongreen,sharon21,33
fwood,perezchristopher,34
lisanguyen,mark69,35
terrymurray,ianderson,36
wtorres,hpetersen,37
rmills,henry75,38
lori90,jonathan67,39
sarahsaunders,apowell,40
mcknightchristopher,nicholas98,41
dbonilla,umorgan,42
uwilson,williamsmichelle,43
justin57,nicoleayers,44
rowetracy,william68,45
hunterjames,natasha78,46
mguerrero,juan92,47
andrewedwards,tammysanders,48
nealchristian,gwells,49
melissawatson,moralesstacey,50
stevenevans,prichardson,51
jacobvasquez,lancereid,52
john97,campbelljames,53
hickscameron,jenny16,54
barbarawhite,lellis,55
laurawilliamson,jessemartin,56
elliottsarah,jennifer54,57
racheljoseph,harrisrobert,58
yolanda27,dellis,59
stephanie65,alicia15,60
harrymckinney,jessica02,61
bestrada,kmedina,62
ljennings,donald54,63
usmith,carterjennifer,64
lwood,logan49,65
vanessasmith,woodssuzanne,66
andrewslaurie,thomasdiana,67
gary13,xglenn,68
lorielliott,ywhite,69
caseyjesse,taylorjames,70
opatterson,rcarroll,71
christopherjordan,gilbertelizabeth,72
xwiggins,mayosherry,73
boyderika,nancy34,74
christinaowens,melissahuber,75
kellybrittney,gina06,76
annmiller,khill,77
dwhite,becklee,78
myerspeter,katherinepittman,79
deborahsmith,todd05,80
reneeboyd,erodriguez,81
louiswolfe,chelseahurst,82
nathan79,moodyjohn,83
caitlyn97,sherry09,84
joshuathomas,jeffery44,85
vanessa07,phelpscarrie,86
josephfuller,yhopkins,87
phillipsmichael,michelle73,88
bperez,smithlinda,89
edwardscharles,jennifer02,90
sandra99,kelly82,91
smithnicole,angeladavid,92
jmorrison,wlopez,93
fordjoseph,ramosstephanie,94
twilliamson,scottmanning,95
crodriguez,ereed,96
johnthomas,gilesjoshua,97
stephanie89,charles49,98
jesse70,ortizjennifer,99
thomas66,paulreyes,100
schultzmichael,davisdaniel,101
william80,hroberts,102
lisahancock,michael83,103
anita16,rosarioandrew,104
jackiedodson,annette17,105
hhernandez,parrishdavid,106
kingalexander,mcphersonwilliam,107
lmorris,rebecca93,108
dfloyd,richard54,109
robinsonvictoria,tanya43,110
jonesdustin,eric68,111
schultzjeffrey,elizabeth32,112
cindy72,wardaimee,113
qgomez,taraevans,114
suttonchristopher,richard79,115
jonesstephanie,traceyrose,116
helenkeller,mileseric,117
gbrown,nlin,118
janet78,jonathanpoole,119
tannerallison,saraoneal,120
derrick38,kyle37,121
staceywilliams,romerovincent,122
ucampbell,nelsontim,123
gmartin,danielmorales,124
alynch,leetyler,125
kevinlucas,matthewtran,126
jared53,cruzjuan,127
williamsbobby,ucarlson,128
sandra35,erinadams,129
jodibraun,copelandjennifer,130
mmorgan,nancywallace,131
michael62,erobbins,132
andreaharris,david07,133
ctownsend,susanpierce,134
vfisher,znelson,135
adam02,nguyenmelanie,136
david24,chelseawarren,137
johnadams,jillianwatson,138
nelsonkayla,laura83,139
johnsonjoy,jonathan46,140
hallkathryn,rebeccagilmore,141
victoria90,jacob03,142
wilsonhannah,laura50,143
udavis,garyowen,144
skaufman,welchdaniel,145
qhughes,thomas92,146
tonymiles,wcampbell,147
seanpeterson,iclarke,148
matthew41,ryanthomas,149
bobby19,wallaceamy,150
oclay,millerpamela,151
donnaharris,glopez,152
devinharris,nmyers,153
karen35,mitchelljuan,154
istone,cesarmays,155
carolhunt,bwatson,156
lcolon,russellnicole,157
stevensshawn,webbdonna,158
mark71,victoriacastro,159
candice89,melissaforbes,160
theresa71,hromero,161
timothy72,jillwilliams,162
smithandrew,pamelahernandez,163
nguyenleah,whayes,164
christopher86,lesliewalker,165
kathy93,montgomerynancy,166
pagegene,steelevickie,167
ncampbell,nicolerodriguez,168
greenbrandon,ychapman,169
taylorprice,wrightkathryn,170
mathewsroy,ehicks,171
fgriffin,patricia79,172
vevans,eileenrodriguez,173
knoxrebecca,philipabbott,174
robertsthomas,christie71,175
jason95,thomas26,176
akeller,fstrong,177
tylermiller,benjamindavid,178
garciacharles,elizabeth96,179
michael13,christina63,180
ygonzalez,michaelmeyer,181
carolpadilla,paulcamacho,182
kararodriguez,julie86,183
ryanlyons,kelly31,184
williamli,jenniferwoodard,185
ashley28,pamela11,186
deborah82,carlsonfrederick,187
dmartin,stephanieparker,188
christinewilson,mendozakaren,189
cameronlloyd,jessica59,190
cartertiffany,swillis,191
michele97,canderson,192
atkinscody,mary92,193
brittanycompton,raymond53,194
charles45,briansmith,195
richardclark,wroberts,196
kimberly53,gracewhite,197
whitecandice,brianjones,198
yhansen,douglas30,199
amanda63,mejiaarthur,200
