Phone,Email,SponsorID
(380)830-7041x596,swoods@example.com,1
474.980.0019x24755,michellejacobs@example.org,2
+1-880-902-3136x60393,jeremiah23@example.com,3
001-803-640-7696x052,fvalenzuela@example.net,4
001-798-256-1319,aweber@example.org,5
935-684-8690x8903,landryrobert@example.com,6
503.471.0137,xnichols@example.net,7
628-791-0195x635,ann92@example.com,8
994.775.8171x4706,wjohnson@example.org,9
(423)963-0018,flowersroberta@example.org,10
580-220-8985,mary03@example.org,11
+1-794-843-9205x82641,dianaortiz@example.org,12
+1-613-355-3901x7069,rodriguezmichael@example.com,13
5198493400,lgarza@example.net,14
773-816-2904x059,hilljames@example.org,15
987-380-2807,lopezjennifer@example.com,16
(443)623-0401,kristopher91@example.net,17
493.879.5636,bradley09@example.org,18
+1-753-496-1991x7716,crossheather@example.com,19
(248)792-1578x6562,william05@example.com,20
697-703-1720x29227,tamara10@example.org,21
524-720-1580,fcervantes@example.net,22
(860)278-5209,tgoodwin@example.net,23
(631)646-5043x589,patriciapalmer@example.org,24
5118929303,larry47@example.org,25
(509)453-7718,trevorschmidt@example.org,26
926-848-2252x576,fischermegan@example.org,27
645-893-9723,zwalker@example.net,28
(657)964-9335,sandraperry@example.net,29
225-613-9585,markbrown@example.org,30
490.558.0161x3887,kramerkeith@example.net,31
001-446-861-6359x2578,ajones@example.org,32
+1-677-290-3722,lewislaura@example.org,33
(819)789-7247x74588,laura73@example.net,34
(793)914-5200,wbarber@example.org,35
388.209.2447x178,qsanchez@example.org,36
+1-416-965-9752x72926,edwardsadrian@example.net,37
809.559.1348x1139,jaredgilmore@example.net,38
482.223.7306,susansantiago@example.org,39
940.692.8859,bryanbender@example.com,40
470.359.4396x2295,parkercarlos@example.org,41
917-442-1400,torresshelly@example.org,42
859.629.7290x68472,jamesdavidson@example.org,43
(459)896-4393,armstrongkatherine@example.net,44
(959)580-3231x640,daniel86@example.net,45
777-368-8403,luis32@example.net,46
(440)647-1689,zmoore@example.org,47
987.667.1309x8553,martha51@example.org,48
668-851-1376,portiz@example.net,49
+1-672-206-9586x0682,sawyerjoseph@example.org,50
